<clockskin>
    <drawable>
        <name>image1.png</name>
    </drawable>
<drawable>
<arraytype>100</arraytype>
<centerX>-89</centerX>
<centerY>108</centerY>
<range>40</range>
<cls>com.wiite.wear.dy.recorder.activity.MainActivity</cls>
<pkg>com.wiite.wear.dy.recorder</pkg>
</drawable>

<drawable>
<arraytype>100</arraytype>
<centerX>-89</centerX>
<centerY>-108</centerY>
<range>40</range>
<cls>de.stocard.ui.main.InitActivity</cls>
<pkg>de.stocard.stocard</pkg>
</drawable>

<drawable>
<arraytype>100</arraytype>
<centerX>89</centerX>
<centerY>108</centerY>
<range>40</range>
<cls>ak.alizandro.smartaudiobookplayer.PlayerActivity</cls>
<pkg>ak.alizandro.smartaudiobookplayer</pkg>
</drawable>

<drawable>
<arraytype>100</arraytype>
<centerX>89</centerX>
<centerY>-108</centerY>
<range>40</range>
<cls>com.wiite.mycalender.MainActivity</cls>
	<pkg>com.wiite.mycalender</pkg>
</drawable>

<drawable>
	<arraytype>100</arraytype>
	<centerX>180</centerX>
	<centerY>0</centerY>
	<range>40</range>
<cls>cz.shawn.antelli.activity.MainActivity</cls>
<pkg>cz.shawn.antelli</pkg>	
	
</drawable>
    <drawable>
        <name>digital1.xml</name>
        <arraytype>12</arraytype>
        <centerX>-101</centerX>
        <centerY>37</centerY>
    </drawable>
    <drawable>
        <name>image2.png</name>
    </drawable>
    <drawable>
        <name>digital2.xml</name>
        <arraytype>13</arraytype>
        <centerX>100</centerX>
        <centerY>37</centerY>
    </drawable>
    <drawable>
        <name>image3.png</name>
    </drawable>
    <drawable>
        <name>digital3.xml</name>
        <arraytype>6</arraytype>
        <centerX>0</centerX>
        <centerY>79</centerY>
    </drawable>
    <drawable>
        <name>digital4.xml</name>
        <arraytype>4</arraytype>
        <centerX>100</centerX>
        <centerY>-7</centerY>
    </drawable>
    <drawable>
        <name>digital5.xml</name>
        <arraytype>5</arraytype>
        <centerX>-100</centerX>
        <centerY>-7</centerY>
    </drawable>
    <drawable>
        <name>image4.png</name>
    </drawable>
    <drawable>
        <name>digital6.xml</name>
        <arraytype>14</arraytype>
        <centerX>400</centerX>
        <centerY>2</centerY>
    </drawable>
    <drawable>
        <name>digital7.xml</name>
        <arraytype>14</arraytype>
        <centerX>800</centerX>
        <centerY>2</centerY>
    </drawable>
    <drawable>
        <name>image5.png</name>
    </drawable>
    <drawable>
        <rotate>1</rotate>
        <direction>1</direction>
        <mulrotate>1</mulrotate>
        <name>image6.png</name>
    </drawable>
    <drawable>
        <rotate>2</rotate>
        <direction>1</direction>
        <mulrotate>1</mulrotate>
        <centerX>0</centerX>
        <centerY>1</centerY>
        <name>image7.png</name>
    </drawable>
    <drawable>
        <name>image8.png</name>
    </drawable>
    <drawable>
        <rotate>3</rotate>
        <direction>1</direction>
        <mulrotate>1</mulrotate>
        <name>image9.png</name>
    </drawable>
    <drawable>
        <name>image10.png</name>
    </drawable>
</clockskin>
<!-- Created on WatchFace Designer 0.14.2 beta -->
<!-- Exported for Android 7.1+ Stock ClockSkin Engine -->
