<clockskin>
    <drawable>
        <name>image1.png</name>
    </drawable>
    <drawable>
        <name>digital1.xml</name>
        <arraytype>6</arraytype>
    </drawable>
    <drawable>
        <name>image2.png</name>
    </drawable>
    <drawable>
        <name>digital2.xml</name>
        <arraytype>13</arraytype>
        <centerX>-100</centerX>
        <centerY>100</centerY>
    </drawable>
    <drawable>
        <name>image3.png</name>
    </drawable>
    <drawable>
        <name>digital3.xml</name>
        <arraytype>12</arraytype>
        <centerX>100</centerX>
        <centerY>100</centerY>
    </drawable>
    <drawable>
        <name>digital4.xml</name>
        <arraytype>5</arraytype>
        <centerX>100</centerX>
        <centerY>120</centerY>
    </drawable>
    <drawable>
        <name>image4.png</name>
    </drawable>
    <drawable>
        <name>digital5.xml</name>
        <arraytype>9</arraytype>
        <centerX>0</centerX>
        <centerY>124</centerY>
    </drawable>
    <drawable>
        <name>digital6.xml</name>
        <arraytype>14</arraytype>
        <centerX>-8</centerX>
        <centerY>-173</centerY>
    </drawable>
    <drawable>
        <name>digital7.xml</name>
        <arraytype>5</arraytype>
        <centerX>-100</centerX>
        <centerY>120</centerY>
    </drawable>
    <drawable>
        <name>digital8.xml</name>
        <arraytype>5</arraytype>
        <centerX>-100</centerX>
        <centerY>81</centerY>
    </drawable>
    <drawable>
        <name>digital9.xml</name>
        <arraytype>5</arraytype>
        <centerX>100</centerX>
        <centerY>81</centerY>
    </drawable>
    <drawable>
        <name>digital10.xml</name>
        <arraytype>5</arraytype>
        <centerX>47</centerX>
        <centerY>-108</centerY>
    </drawable>
    <drawable>
        <name>digital11.xml</name>
        <arraytype>4</arraytype>
        <centerX>-95</centerX>
        <centerY>-108</centerY>
    </drawable>
</clockskin>
