<clockskin>
    <drawable>
        <name>image1.png</name>
    </drawable>
    <drawable>
        <name>digital1.xml</name>
        <arraytype>11</arraytype>
        <centerX>0</centerX>
        <centerY>-30</centerY>
    </drawable>
    <drawable>
        <name>image2.png</name>
    </drawable>
    <drawable>
        <name>digital2.xml</name>
        <arraytype>11</arraytype>
        <centerX>3</centerX>
        <centerY>0</centerY>
    </drawable>
    <drawable>
        <name>image3.png</name>
    </drawable>
    <drawable>
        <rotate>6</rotate>
        <mulrotate>1</mulrotate>
        <centerX>-110</centerX>
        <centerY>60</centerY>
        <name>image4.png</name>
    </drawable>
    <drawable>
        <name>image5.png</name>
    </drawable>
    <drawable>
        <name>digital3.xml</name>
        <arraytype>12</arraytype>
        <centerX>-290</centerX>
        <centerY>60</centerY>
    </drawable>
    <drawable>
        <name>digital4.xml</name>
        <arraytype>12</arraytype>
        <centerX>110</centerX>
        <centerY>60</centerY>
    </drawable>
    <drawable>
        <name>digital5.xml</name>
        <arraytype>12</arraytype>
        <centerX>510</centerX>
        <centerY>60</centerY>
    </drawable>
    <drawable>
        <name>digital6.xml</name>
        <arraytype>10</arraytype>
        <centerX>0</centerX>
        <centerY>51</centerY>
    </drawable>
    <drawable>
        <name>image6.png</name>
    </drawable>
    <drawable>
        <name>digital7.xml</name>
        <arraytype>7</arraytype>
        <centerX>7</centerX>
        <centerY>-155</centerY>
    </drawable>
    <drawable>
        <name>digital8.xml</name>
        <arraytype>7</arraytype>
        <centerX>7</centerX>
        <centerY>-155</centerY>
    </drawable>
    <drawable>
        <name>digital9.xml</name>
        <arraytype>8</arraytype>
        <centerX>7</centerX>
        <centerY>139</centerY>
    </drawable>
    <drawable>
        <name>digital10.xml</name>
        <arraytype>8</arraytype>
        <centerX>7</centerX>
        <centerY>139</centerY>
    </drawable>
    <drawable>
        <name>digital11.xml</name>
        <arraytype>3</arraytype>
        <centerX>-120</centerX>
        <centerY>-79</centerY>
    </drawable>
    <drawable>
        <name>digital12.xml</name>
        <arraytype>4</arraytype>
        <centerX>-120</centerX>
        <centerY>-52</centerY>
    </drawable>
    <drawable>
        <name>digital13.xml</name>
        <arraytype>5</arraytype>
        <centerX>-120</centerX>
        <centerY>-26</centerY>
    </drawable>
    <drawable>
        <name>image7.png</name>
    </drawable>
    <drawable>
        <name>digital14.xml</name>
        <arraytype>19</arraytype>
        <centerX>123</centerX>
        <centerY>-52</centerY>
    </drawable>
    <drawable>
        <name>digital15.xml</name>
        <arraytype>19</arraytype>
        <centerX>123</centerX>
        <centerY>-52</centerY>
    </drawable>
    <drawable>
        <name>image8.png</name>
    </drawable>
</clockskin>
