<clockskin>
    <drawable>
        <name>image4.png</name>
    </drawable>
    <drawable>
        <name>image2.png</name>
        <rotate>7</rotate>
        <mulrotate>1</mulrotate>
        <centerX>-23</centerX>
        <centerY>97</centerY>
    </drawable>
    <drawable>
        <name>image3.png</name>
    </drawable>
<drawable>
		<name>image4.png</name>
	</drawable>
	<drawable>
		<name>weather_array.xml</name>
		<arraytype>10</arraytype>
		<centerX>-10</centerX>
		<centerY>80</centerY>
	</drawable>
	<drawable>
		<name>weather.xml</name>
		<arraytype>11</arraytype>
		<centerX>52</centerX>
		<centerY>80</centerY>
	</drawable>   
	 <drawable>
        <name>digital1.xml</name>
        <arraytype>14</arraytype>
        <centerX>-95</centerX>
        <centerY>42</centerY>
    </drawable>
    <drawable>
        <name>digital2.xml</name>
        <arraytype>4</arraytype>
        <centerX>-80</centerX>
        <centerY>-38</centerY>
    </drawable>
		<drawable>
		<name>day_array.xml</name>
		<centerX>68</centerX>
		<centerY>-95</centerY>
		<arraytype>13</arraytype>
	</drawable>
	   <drawable>
        <name>image4.png</name>
    </drawable>
    <drawable>
        <name>imageminutes.png</name>
        <rotate>2</rotate>
        <mulrotate>1</mulrotate>
    </drawable>
    <drawable>
        <name>imagehour.png</name>
        <rotate>1</rotate>
        <mulrotate>1</mulrotate>
    </drawable>
    <drawable>
        <name>image7.png</name>
        <rotate>3</rotate>
        <mulrotate>1</mulrotate>
    </drawable>
    <drawable>
        <name>image8.png</name>
    </drawable>
</clockskin>
