<clockskin>
    <drawable>
        <name>image1.png</name>
    </drawable>
    <drawable>
        <name>digital1.xml</name>
        <arraytype>13</arraytype>
        <centerX>-3</centerX>
        <centerY>-96</centerY>
    </drawable>
    <drawable>
        <name>image2.png</name>
    </drawable>
    <drawable>
        <name>digital2.xml</name>
        <arraytype>6</arraytype>
        <centerX>-76</centerX>
        <centerY>-42</centerY>
    </drawable>
    <drawable>
        <name>digital3.xml</name>
        <arraytype>6</arraytype>
        <centerX>-75</centerX>
        <centerY>0</centerY>
    </drawable>
    <drawable>
        <name>digital4.xml</name>
        <arraytype>6</arraytype>
        <centerX>-75</centerX>
        <centerY>0</centerY>
    </drawable>
    <drawable>
        <name>digital5.xml</name>
        <arraytype>3</arraytype>
        <centerX>-55</centerX>
        <centerY>83</centerY>
    </drawable>
    <drawable>
        <name>digital6.xml</name>
        <arraytype>2</arraytype>
        <centerX>-9</centerX>
        <centerY>123</centerY>
    </drawable>
    <drawable>
        <name>digital7.xml</name>
        <arraytype>14</arraytype>
        <centerX>22</centerX>
        <centerY>159</centerY>
    </drawable>
    <drawable>
        <name>image3.png</name>
    </drawable>
    <drawable>
        <name>digital8.xml</name>
        <arraytype>12</arraytype>
        <centerX>-400</centerX>
        <centerY>0</centerY>
    </drawable>
    <drawable>
        <name>digital9.xml</name>
        <arraytype>12</arraytype>
    </drawable>
    <drawable>
        <name>digital10.xml</name>
        <arraytype>12</arraytype>
        <centerX>400</centerX>
        <centerY>0</centerY>
    </drawable>
    <drawable>
        <name>image4.png</name>
    </drawable>
    <drawable>
        <arraytype>100</arraytype>
        <centerX>69</centerX>
        <centerY>-70</centerY>
        <range>40</range>
        <cls>com.android.dialer.DialtactsWearActivity</cls>
        <pkg>com.android.dialer</pkg>
    </drawable>
    <drawable>
        <arraytype>100</arraytype>
        <centerX>133</centerX>
        <centerY>-69</centerY>
        <range>40</range>
        <cls>com.android.mms.ui.BootActivity</cls>
        <pkg>com.android.mms</pkg>
    </drawable>
    <drawable>
        <arraytype>100</arraytype>
        <centerX>67</centerX>
        <centerY>0</centerY>
        <range>40</range>
        <cls>com.android.settings.Settings</cls>
        <pkg>com.android.settings</pkg>
    </drawable>
    <drawable>
        <arraytype>100</arraytype>
        <centerX>132</centerX>
        <centerY>0</centerY>
        <range>40</range>
        <cls>com.android.camera.CameraLauncher</cls>
        <pkg>com.mediatek.camera</pkg>
    </drawable>
    <drawable>
        <arraytype>100</arraytype>
        <centerX>69</centerX>
        <centerY>71</centerY>
        <range>40</range>
        <cls>com.sprots.wiiteer.fitness.module.main.ui.MainActivity</cls>
        <pkg>com.sprots.wiiteer.fitness</pkg>
    </drawable>
    <drawable>
        <arraytype>100</arraytype>
        <centerX>132</centerX>
        <centerY>71</centerY>
        <range>40</range>
        <cls>com.android.watchweather.WeatherActivity</cls>
        <pkg>com.android.watchweather</pkg>
    </drawable>
</clockskin>
