<?xml version="1.0" encoding="utf-8"?>
<drawables>
     <image>animation_27_0.png</image>
     <image>animation_27_1.png</image>
     <image>animation_27_2.png</image>
     <image>animation_27_3.png</image>
     <image>animation_27_4.png</image>
     <image>animation_27_5.png</image>
     <image>animation_27_6.png</image>
     <image>animation_27_7.png</image>
     <image>animation_27_8.png</image>
     <image>animation_27_9.png</image>
     <image>animation_27_10.png</image>
     <image>animation_27_11.png</image>
     <image>animation_27_12.png</image>
     <image>animation_27_13.png</image>
     <image>animation_27_14.png</image>
     <image>animation_27_15.png</image>
     <image>animation_27_16.png</image>
     <image>animation_27_17.png</image>
     <image>animation_27_18.png</image>
     <image>animation_27_19.png</image>
     <image>animation_27_20.png</image>
     <image>animation_27_21.png</image>
     <image>animation_27_22.png</image>
     <image>animation_27_23.png</image>
     <image>animation_27_24.png</image>
     <image>animation_27_25.png</image>
     <image>animation_27_26.png</image>
     <image>animation_27_27.png</image>
     <image>animation_27_28.png</image>
     <image>animation_27_29.png</image>
     <image>animation_3_1.png</image>
</drawables>
