<?xml version="1.0" encoding="utf-8"?>
<drawables>
     <image>animation_6_0.png</image>
     <image>animation_6_1.png</image>
     <image>animation_6_2.png</image>
     <image>animation_6_3.png</image>
     <image>animation_6_4.png</image>
     <image>animation_6_5.png</image>
     <image>animation_6_6.png</image>
     <image>animation_6_7.png</image>
     <image>animation_6_8.png</image>
     <image>animation_6_9.png</image>
     <image>animation_6_10.png</image>
     <image>animation_6_11.png</image>
     <image>animation_6_12.png</image>
     <image>animation_6_13.png</image>
     <image>animation_6_14.png</image>
     <image>animation_6_15.png</image>
     <image>animation_6_16.png</image>
     <image>animation_6_17.png</image>
     <image>animation_6_18.png</image>
     <image>animation_6_19.png</image>
     <image>animation_6_20.png</image>
     <image>animation_6_21.png</image>
     <image>animation_6_22.png</image>
     <image>animation_6_23.png</image>
     <image>animation_6_24.png</image>
     <image>animation_6_25.png</image>
     <image>animation_6_26.png</image>
     <image>animation_6_27.png</image>
     <image>animation_6_28.png</image>
     <image>animation_6_29.png</image>
     <image>animation_4_30.png</image>
</drawables>
