<?xml version="1.0" encoding="utf-8"?>
<drawables>
     <image>animation_2_0.png</image>
     <image>animation_3_1.png</image>
     <image>animation_3_2.png</image>
     <image>animation_3_3.png</image>
     <image>animation_3_4.png</image>
     <image>animation_3_5.png</image>
     <image>animation_3_6.png</image>
     <image>animation_3_7.png</image>
     <image>animation_3_8.png</image>
     <image>animation_3_9.png</image>
     <image>animation_3_10.png</image>
     <image>animation_3_11.png</image>
     <image>animation_3_12.png</image>
     <image>animation_3_13.png</image>
     <image>animation_3_14.png</image>
     <image>animation_3_15.png</image>
     <image>animation_3_14.png</image>
     <image>animation_3_13.png</image>
     <image>animation_3_12.png</image>
     <image>animation_3_11.png</image>
     <image>animation_3_10.png</image>
     <image>animation_3_9.png</image>
     <image>animation_3_8.png</image>
     <image>animation_3_7.png</image>
     <image>animation_3_6.png</image>
     <image>animation_3_5.png</image>
     <image>animation_3_4.png</image>
     <image>animation_3_3.png</image>
     <image>animation_3_2.png</image>
     <image>animation_3_1.png</image>
     <image>animation_2_0.png</image>
     <image>animation_3_31.png</image>
     <image>animation_3_32.png</image>
     <image>animation_3_33.png</image>
     <image>animation_3_34.png</image>
     <image>animation_3_35.png</image>
     <image>animation_3_36.png</image>
     <image>animation_3_37.png</image>
     <image>animation_3_38.png</image>
     <image>animation_3_39.png</image>
     <image>animation_3_40.png</image>
     <image>animation_3_41.png</image>
     <image>animation_3_42.png</image>
     <image>animation_3_43.png</image>
     <image>animation_3_44.png</image>
     <image>animation_3_45.png</image>
     <image>animation_3_44.png</image>
     <image>animation_3_43.png</image>
     <image>animation_3_42.png</image>
     <image>animation_3_41.png</image>
     <image>animation_3_40.png</image>
     <image>animation_3_39.png</image>
     <image>animation_3_38.png</image>
     <image>animation_3_37.png</image>
     <image>animation_3_36.png</image>
     <image>animation_3_35.png</image>
     <image>animation_3_34.png</image>
     <image>animation_3_33.png</image>
     <image>animation_3_32.png</image>
     <image>animation_3_31.png</image>
</drawables>
