<clockskin>
    <drawable>
        <name>image1.png</name>
    </drawable>
    <drawable>
        <name>image2.png</name>
        <rotate>3</rotate>
        <mulrotate>2</mulrotate>
    </drawable>
    <drawable>
        <name>image3.png</name>
        <rotate>3</rotate>
        <direction>2</direction>
        <mulrotate>2</mulrotate>
    </drawable>
    <drawable>
        <name>image4.png</name>
        <rotate>3</rotate>
        <direction>2</direction>
        <mulrotate>2</mulrotate>
    </drawable>
    <drawable>
        <name>digital1.xml</name>
        <arraytype>6</arraytype>
        <centerX>0</centerX>
        <centerY>-77</centerY>
    </drawable>
    <drawable>
        <name>digital2.xml</name>
        <arraytype>9</arraytype>
        <centerX>150</centerX>
        <centerY>-61</centerY>
    </drawable>
    <drawable>
        <name>digital3.xml</name>
        <arraytype>3</arraytype>
        <centerX>-39</centerX>
        <centerY>39</centerY>
    </drawable>
    <drawable>
        <name>digital4.xml</name>
        <arraytype>13</arraytype>
        <centerX>-146</centerX>
        <centerY>-61</centerY>
    </drawable>
    <drawable>
        <name>digital5.xml</name>
        <arraytype>4</arraytype>
        <centerX>-132</centerX>
        <centerY>32</centerY>
    </drawable>
    <drawable>
        <name>digital6.xml</name>
        <arraytype>11</arraytype>
        <centerX>106</centerX>
        <centerY>37</centerY>
    </drawable>
    <drawable>
        <name>digital7.xml</name>
        <arraytype>12</arraytype>
        <centerX>0</centerX>
        <centerY>104</centerY>
    </drawable>
    <drawable>
        <name>image5.png</name>
    </drawable>
</clockskin>
