<?xml version="1.0" encoding="utf-8"?>
<drawables>
     <image>animation_23_0.png</image>
     <image>animation_23_1.png</image>
     <image>animation_23_2.png</image>
     <image>animation_23_3.png</image>
     <image>animation_23_4.png</image>
     <image>animation_23_5.png</image>
     <image>animation_23_6.png</image>
     <image>animation_23_7.png</image>
     <image>animation_23_8.png</image>
     <image>animation_23_9.png</image>
     <image>animation_23_10.png</image>
     <image>animation_23_11.png</image>
     <image>animation_23_12.png</image>
     <image>animation_23_13.png</image>
     <image>animation_23_14.png</image>
     <image>animation_23_15.png</image>
     <image>animation_23_16.png</image>
     <image>animation_23_17.png</image>
     <image>animation_23_18.png</image>
     <image>animation_23_19.png</image>
     <image>animation_23_20.png</image>
     <image>animation_23_21.png</image>
     <image>animation_23_22.png</image>
     <image>animation_23_23.png</image>
     <image>animation_23_24.png</image>
     <image>animation_23_25.png</image>
     <image>animation_23_26.png</image>
     <image>animation_23_27.png</image>
     <image>animation_23_28.png</image>
     <image>animation_23_29.png</image>
     <image>animation_3_1.png</image>
</drawables>
