<?xml version="1.0" encoding="utf-8"?>
<drawables>
     <image>animation_21_0.png</image>
     <image>animation_21_1.png</image>
     <image>animation_21_2.png</image>
     <image>animation_21_3.png</image>
     <image>animation_21_4.png</image>
     <image>animation_21_5.png</image>
     <image>animation_21_6.png</image>
     <image>animation_21_7.png</image>
     <image>animation_21_8.png</image>
     <image>animation_21_9.png</image>
     <image>animation_21_10.png</image>
     <image>animation_21_11.png</image>
     <image>animation_21_12.png</image>
     <image>animation_21_13.png</image>
     <image>animation_21_14.png</image>
     <image>animation_21_15.png</image>
     <image>animation_21_16.png</image>
     <image>animation_21_17.png</image>
     <image>animation_21_18.png</image>
     <image>animation_21_19.png</image>
     <image>animation_21_20.png</image>
     <image>animation_21_21.png</image>
     <image>animation_21_22.png</image>
     <image>animation_21_23.png</image>
     <image>animation_21_24.png</image>
     <image>animation_21_25.png</image>
     <image>animation_21_26.png</image>
     <image>animation_21_27.png</image>
     <image>animation_21_28.png</image>
     <image>animation_21_29.png</image>
     <image>animation_3_1.png</image>
</drawables>
