<?xml version="1.0" encoding="utf-8"?>
<drawables>
     <image>animation_15_0.png</image>
     <image>animation_15_1.png</image>
     <image>animation_15_2.png</image>
     <image>animation_15_3.png</image>
     <image>animation_15_4.png</image>
     <image>animation_15_5.png</image>
     <image>animation_15_6.png</image>
     <image>animation_15_7.png</image>
     <image>animation_15_8.png</image>
     <image>animation_15_9.png</image>
     <image>animation_15_10.png</image>
     <image>animation_15_11.png</image>
     <image>animation_15_12.png</image>
     <image>animation_15_13.png</image>
     <image>animation_15_14.png</image>
     <image>animation_15_15.png</image>
     <image>animation_15_16.png</image>
     <image>animation_15_17.png</image>
     <image>animation_15_18.png</image>
     <image>animation_15_19.png</image>
     <image>animation_15_20.png</image>
     <image>animation_15_21.png</image>
     <image>animation_15_22.png</image>
     <image>animation_15_23.png</image>
     <image>animation_15_24.png</image>
     <image>animation_15_25.png</image>
     <image>animation_15_26.png</image>
     <image>animation_15_27.png</image>
     <image>animation_15_28.png</image>
     <image>animation_15_29.png</image>
     <image>animation_3_1.png</image>
</drawables>
