<clockskin>
    <drawable>
        <name>image1.png</name>
    </drawable>
    <drawable>
        <name>animated_image_1.xml</name>
        <framerate>0.00027777777778</framerate>
        <centerX>3</centerX>
        <centerY>3</centerY>
        <rotate>1</rotate>
        <mulrotate>4</mulrotate>
    </drawable>
    <drawable>
        <name>animated_image_2.xml</name>
        <framerate>0.00027777777778</framerate>
        <rotate>1</rotate>
        <mulrotate>4</mulrotate>
    </drawable>
    <drawable>
        <name repeat="3600000">animated_image_3.xml</name>
        <animationStartDelay>82950000</animationStartDelay>
        <framerate>0.00333333333333</framerate>
        <centerX>0</centerX>
        <centerY>-10</centerY>
    </drawable>
    <drawable>
        <name repeat="43200000">animated_image_4.xml</name>
        <animationStartDelay>82950000</animationStartDelay>
        <framerate>0.10000000000000</framerate>
        <centerX>3</centerX>
        <centerY>3</centerY>
        <rotate>1</rotate>
        <mulrotate>4</mulrotate>
    </drawable>
    <drawable>
        <name repeat="43200000">animated_image_5.xml</name>
        <animationStartDelay>82950000</animationStartDelay>
        <framerate>0.10000000000000</framerate>
        <rotate>1</rotate>
        <mulrotate>4</mulrotate>
    </drawable>
    <drawable>
        <name repeat="43200000">animated_image_6.xml</name>
        <animationStartDelay>79350000</animationStartDelay>
        <framerate>0.10000000000000</framerate>
        <centerX>3</centerX>
        <centerY>3</centerY>
        <rotate>1</rotate>
        <mulrotate>4</mulrotate>
    </drawable>
    <drawable>
        <name repeat="43200000">animated_image_7.xml</name>
        <animationStartDelay>79350000</animationStartDelay>
        <framerate>0.10000000000000</framerate>
        <rotate>1</rotate>
        <mulrotate>4</mulrotate>
    </drawable>
    <drawable>
        <name repeat="43200000">animated_image_8.xml</name>
        <animationStartDelay>75750000</animationStartDelay>
        <framerate>0.10000000000000</framerate>
        <centerX>3</centerX>
        <centerY>3</centerY>
        <rotate>1</rotate>
        <mulrotate>4</mulrotate>
    </drawable>
    <drawable>
        <name repeat="43200000">animated_image_9.xml</name>
        <animationStartDelay>75750000</animationStartDelay>
        <framerate>0.10000000000000</framerate>
        <rotate>1</rotate>
        <mulrotate>4</mulrotate>
    </drawable>
    <drawable>
        <name repeat="43200000">animated_image_10.xml</name>
        <animationStartDelay>72150000</animationStartDelay>
        <framerate>0.10000000000000</framerate>
        <centerX>3</centerX>
        <centerY>3</centerY>
        <rotate>1</rotate>
        <mulrotate>4</mulrotate>
    </drawable>
    <drawable>
        <name repeat="43200000">animated_image_11.xml</name>
        <animationStartDelay>72150000</animationStartDelay>
        <framerate>0.10000000000000</framerate>
        <rotate>1</rotate>
        <mulrotate>4</mulrotate>
    </drawable>
    <drawable>
        <name repeat="43200000">animated_image_12.xml</name>
        <animationStartDelay>68550000</animationStartDelay>
        <framerate>0.10000000000000</framerate>
        <centerX>3</centerX>
        <centerY>3</centerY>
        <rotate>1</rotate>
        <mulrotate>4</mulrotate>
    </drawable>
    <drawable>
        <name repeat="43200000">animated_image_13.xml</name>
        <animationStartDelay>68550000</animationStartDelay>
        <framerate>0.10000000000000</framerate>
        <rotate>1</rotate>
        <mulrotate>4</mulrotate>
    </drawable>
    <drawable>
        <name repeat="43200000">animated_image_14.xml</name>
        <animationStartDelay>64950000</animationStartDelay>
        <framerate>0.10000000000000</framerate>
        <centerX>3</centerX>
        <centerY>3</centerY>
        <rotate>1</rotate>
        <mulrotate>4</mulrotate>
    </drawable>
    <drawable>
        <name repeat="43200000">animated_image_15.xml</name>
        <animationStartDelay>64950000</animationStartDelay>
        <framerate>0.10000000000000</framerate>
        <rotate>1</rotate>
        <mulrotate>4</mulrotate>
    </drawable>
    <drawable>
        <name repeat="43200000">animated_image_16.xml</name>
        <animationStartDelay>61350000</animationStartDelay>
        <framerate>0.10000000000000</framerate>
        <centerX>3</centerX>
        <centerY>3</centerY>
        <rotate>1</rotate>
        <mulrotate>4</mulrotate>
    </drawable>
    <drawable>
        <name repeat="43200000">animated_image_17.xml</name>
        <animationStartDelay>61350000</animationStartDelay>
        <framerate>0.10000000000000</framerate>
        <rotate>1</rotate>
        <mulrotate>4</mulrotate>
    </drawable>
    <drawable>
        <name repeat="43200000">animated_image_18.xml</name>
        <animationStartDelay>57750000</animationStartDelay>
        <framerate>0.10000000000000</framerate>
        <centerX>3</centerX>
        <centerY>3</centerY>
        <rotate>1</rotate>
        <mulrotate>4</mulrotate>
    </drawable>
    <drawable>
        <name repeat="43200000">animated_image_19.xml</name>
        <animationStartDelay>57750000</animationStartDelay>
        <framerate>0.10000000000000</framerate>
        <rotate>1</rotate>
        <mulrotate>4</mulrotate>
    </drawable>
    <drawable>
        <name repeat="43200000">animated_image_20.xml</name>
        <animationStartDelay>54150000</animationStartDelay>
        <framerate>0.10000000000000</framerate>
        <centerX>3</centerX>
        <centerY>3</centerY>
        <rotate>1</rotate>
        <mulrotate>4</mulrotate>
    </drawable>
    <drawable>
        <name repeat="43200000">animated_image_21.xml</name>
        <animationStartDelay>54150000</animationStartDelay>
        <framerate>0.10000000000000</framerate>
        <rotate>1</rotate>
        <mulrotate>4</mulrotate>
    </drawable>
    <drawable>
        <name repeat="43200000">animated_image_22.xml</name>
        <animationStartDelay>50550000</animationStartDelay>
        <framerate>0.10000000000000</framerate>
        <centerX>3</centerX>
        <centerY>3</centerY>
        <rotate>1</rotate>
        <mulrotate>4</mulrotate>
    </drawable>
    <drawable>
        <name repeat="43200000">animated_image_23.xml</name>
        <animationStartDelay>50550000</animationStartDelay>
        <framerate>0.10000000000000</framerate>
        <rotate>1</rotate>
        <mulrotate>4</mulrotate>
    </drawable>
    <drawable>
        <name repeat="43200000">animated_image_24.xml</name>
        <animationStartDelay>46950000</animationStartDelay>
        <framerate>0.10000000000000</framerate>
        <centerX>3</centerX>
        <centerY>3</centerY>
        <rotate>1</rotate>
        <mulrotate>4</mulrotate>
    </drawable>
    <drawable>
        <name repeat="43200000">animated_image_25.xml</name>
        <animationStartDelay>46950000</animationStartDelay>
        <framerate>0.10000000000000</framerate>
        <rotate>1</rotate>
        <mulrotate>4</mulrotate>
    </drawable>
    <drawable>
        <name repeat="43200000">animated_image_26.xml</name>
        <animationStartDelay>43350000</animationStartDelay>
        <framerate>0.10000000000000</framerate>
        <centerX>3</centerX>
        <centerY>3</centerY>
        <rotate>1</rotate>
        <mulrotate>4</mulrotate>
    </drawable>
    <drawable>
        <name repeat="43200000">animated_image_27.xml</name>
        <animationStartDelay>43350000</animationStartDelay>
        <framerate>0.10000000000000</framerate>
        <rotate>1</rotate>
        <mulrotate>4</mulrotate>
    </drawable>
    <drawable>
        <rotate>1</rotate>
        <mulrotate>4</mulrotate>
        <centerX>4</centerX>
        <centerY>4</centerY>
        <name>image2.png</name>
    </drawable>
    <drawable>
        <rotate>1</rotate>
        <mulrotate>4</mulrotate>
        <name>image3.png</name>
    </drawable>
    <drawable>
        <rotate>1</rotate>
        <mulrotate>4</mulrotate>
        <centerX>2</centerX>
        <centerY>2</centerY>
        <name>image4.png</name>
    </drawable>
    <drawable>
        <rotate>1</rotate>
        <mulrotate>4</mulrotate>
        <centerX>-2</centerX>
        <centerY>-2</centerY>
        <name>image5.png</name>
    </drawable>
    <drawable>
        <rotate>1</rotate>
        <mulrotate>4</mulrotate>
        <name>image6.png</name>
    </drawable>
    <drawable>
        <name>image7.png</name>
    </drawable>
</clockskin>
