<?xml version="1.0" encoding="utf-8"?>
<clockskin>
	<drawable>
		<name>image1.png</name>
	</drawable>
	<drawable>
		<name>ZLATA ura.png</name>
	</drawable>
	<drawable>
		<name>dan.xml</name>
		<arraytype>4</arraytype>
		<centerX>128</centerX>
		<centerY>-6</centerY>
	</drawable>
	<drawable>
		<name>digital1.xml</name>
		<arraytype>61</arraytype>
	</drawable>
	<drawable>
		<name>min_1_1.png</name>
		<rotate>1</rotate>
	</drawable>
	<drawable>
		<name>min.png</name>
		<rotate>2</rotate>
	</drawable>
	<drawable>
		<name>sek.png</name>
		<rotate>3</rotate>
	</drawable>
<!--COMMENTED BY ClockSkinMaker
<metadata gui='rra' version='2.0.0.2'/>
-->
</clockskin>