<clockskin>
    <drawable>
        <name>image1.png</name>
    </drawable>
    <drawable>
        <name>digital1.xml</name>
        <arraytype>8</arraytype>
        <centerX>-202</centerX>
        <centerY>-120</centerY>
    </drawable>
    <drawable>
        <name>animated_image_1.xml</name>
        <framerate>0.00027777777778</framerate>
        <centerX>-2</centerX>
        <centerY>-45</centerY>
    </drawable>
    <drawable>
        <name>digital2.xml</name>
        <arraytype>8</arraytype>
        <centerX>-202</centerX>
        <centerY>0</centerY>
    </drawable>
    <drawable>
        <name>animated_image_2.xml</name>
        <framerate>0.01666666666667</framerate>
        <centerX>0</centerX>
        <centerY>109</centerY>
    </drawable>
</clockskin>
