<?xml version="1.0" encoding="utf-8"?>
<clockskin>
	<drawable>
		<name>grund_d.png</name>
	</drawable>
	<drawable>
		<name>flüche.xml</name>
		<arraytype>8</arraytype>
		<centerX>-202</centerX>
		<centerY>-120</centerY>
	</drawable>
	<drawable>
		<name>stunde.xml</name>
		<arraytype>7</arraytype>
		<centerX>-202</centerX>
		<centerY>-45</centerY>
	</drawable>
	<drawable>
		<name>filter_stunde.xml</name>
		<arraytype>7</arraytype>
		<centerX>202</centerX>
		<centerY>-45</centerY>
	</drawable>
	<drawable>
		<name>uhr.xml</name>
		<arraytype>8</arraytype>
		<centerX>-202</centerX>
	</drawable>
	<drawable>
		<name>min_zig.xml</name>
		<arraytype>8</arraytype>
		<centerX>202</centerX>
		<centerY>154</centerY>
	</drawable>
	<drawable>
		<name>und.xml</name>
		<arraytype>8</arraytype>
		<centerX>200</centerX>
		<centerY>90</centerY>
	</drawable>
	<drawable>
		<name>und_blende.xml</name>
		<arraytype>8</arraytype>
		<centerX>-202</centerX>
		<centerY>90</centerY>
	</drawable>
	<drawable>
		<name>minute.xml</name>
		<arraytype>8</arraytype>
		<centerX>-202</centerX>
		<centerY>45</centerY>
	</drawable>
	<drawable>
		<name>filter_min.xml</name>
		<arraytype>8</arraytype>
		<centerX>202</centerX>
		<centerY>45</centerY>
	</drawable>
	<drawable>
		<name>blendeEINS.xml</name>
		<arraytype>8</arraytype>
		<centerX>202</centerX>
		<centerY>30</centerY>
	</drawable>
	<drawable>
		<name>gitter.png</name>
	</drawable>
<!--COMMENTED BY ClockSkinMaker
<metadata gui='rra' version='1.6.0.0'/>
-->
</clockskin>