<?xml version="1.0" encoding="utf-8"?>
<drawables>
	<image>clock_skin_2_num_0_2.png</image>
	<image>clock_skin_2_num_1_2.png</image>
	<image>clock_skin_2_num_2_2.png</image>
	<image>clock_skin_2_num_3_2.png</image>
	<image>clock_skin_2_num_4_2.png</image>
	<image>clock_skin_2_num_5_2.png</image>
	<image>clock_skin_2_num_6_2.png</image>
	<image>clock_skin_2_num_7_2.png</image>
	<image>clock_skin_2_num_8_2.png</image>
	<image>clock_skin_2_num_9_2.png</image>
	<image>clock_skin_2_num_colon_2.png</image>
</drawables>