<?xml version="1.0" encoding="utf-8"?>
<drawables>
	<image>clock_skin_2_num_0_11111.png</image>
	<image>clock_skin_2_num_0_vk.png</image>
	<image>clock_skin_2_num_0_vk.png</image>
	<image>clock_skin_2_num_0_vk.png</image>
	<image>clock_skin_2_num_0_vk.png</image>
	<image>clock_skin_2_num_0_vk.png</image>
	<image>clock_skin_2_num_0_vk.png</image>
	<image>clock_skin_2_num_0_vk.png</image>
	<image>clock_skin_2_num_0_vk.png</image>
	<image>clock_skin_2_num_0_vk.png</image>
	<image>clock_skin_2_num_0_vk.png</image>
</drawables>