<clockskin>
    <drawable>
        <name>image1.png</name>
    </drawable>
    <drawable>
        <name>digital1.xml</name>
        <arraytype>60</arraytype>
        <centerX>2</centerX>
        <centerY>166</centerY>
    </drawable>
    <drawable>
        <name>image2.png</name>
    </drawable>
    <drawable>
        <name>digital2.xml</name>
        <arraytype>19</arraytype>
        <centerX>0</centerX>
        <centerY>-55</centerY>
    </drawable>
    <drawable>
        <name>digital3.xml</name>
        <arraytype>50</arraytype>
        <centerX>-65</centerX>
        <centerY>142</centerY>
    </drawable>
    <drawable>
        <name>digital4.xml</name>
        <arraytype>51</arraytype>
        <centerX>65</centerX>
        <centerY>142</centerY>
    </drawable>
    <drawable>
        <name>image3.png</name>
    </drawable>
    <drawable>
        <rotate>13</rotate>
        <rotatemode>6</rotatemode>
        <startAngle>0</startAngle>
        <angle>100</angle>
        <direction>1</direction>
        <mulrotate>1</mulrotate>
        <centerX>1</centerX>
        <centerY>49</centerY>
        <name>image4.png</name>
    </drawable>
    <drawable>
        <name>digital5.xml</name>
        <arraytype>10</arraytype>
        <centerX>-28</centerX>
        <centerY>-145</centerY>
    </drawable>
    <drawable>
        <name>digital6.xml</name>
        <arraytype>11</arraytype>
        <centerX>40</centerX>
        <centerY>-145</centerY>
    </drawable>
    <drawable>
        <name>digital7.xml</name>
        <arraytype>10</arraytype>
        <centerX>-95</centerX>
        <centerY>-115</centerY>
    </drawable>
    <drawable>
        <name>digital8.xml</name>
        <arraytype>10</arraytype>
        <centerX>-95</centerX>
        <centerY>-116</centerY>
    </drawable>
    <drawable>
        <name>digital9.xml</name>
        <arraytype>10</arraytype>
        <centerX>-95</centerX>
        <centerY>-116</centerY>
    </drawable>
    <drawable>
        <rotate>3</rotate>
        <direction>1</direction>
        <mulrotate>1</mulrotate>
        <centerX>-75</centerX>
        <centerY>0</centerY>
        <name>image5.png</name>
    </drawable>
    <drawable>
        <rotate>3</rotate>
        <direction>2</direction>
        <mulrotate>1</mulrotate>
        <centerX>75</centerX>
        <centerY>0</centerY>
        <name>image5.png</name>
    </drawable>
    <drawable>
        <name>image7.png</name>
    </drawable>
    <drawable>
        <rotate>13</rotate>
        <rotatemode>4</rotatemode>
        <startAngle>0</startAngle>
        <angle>275</angle>
        <direction>1</direction>
        <mulrotate>1</mulrotate>
        <centerX>-75</centerX>
        <centerY>0</centerY>
        <name>image8.png</name>
    </drawable>
    <drawable>
        <name>image9.png</name>
    </drawable>
    <drawable>
        <rotate>13</rotate>
        <rotatemode>11</rotatemode>
        <startAngle>0</startAngle>
        <angle>267</angle>
        <direction>1</direction>
        <mulrotate>1</mulrotate>
        <centerX>75</centerX>
        <centerY>0</centerY>
        <name>image10.png</name>
    </drawable>
    <drawable>
        <name>image11.png</name>
    </drawable>
    <drawable>
        <name>digital10.xml</name>
        <arraytype>5</arraytype>
    </drawable>
    <drawable>
        <name>digital11.xml</name>
        <arraytype>5</arraytype>
    </drawable>
    <drawable>
        <name>image12.png</name>
    </drawable>
    <drawable>
        <name>digital12.xml</name>
        <arraytype>7</arraytype>
        <centerX>-75</centerX>
        <centerY>-3</centerY>
    </drawable>
    <drawable>
        <name>digital13.xml</name>
        <arraytype>8</arraytype>
        <centerX>75</centerX>
        <centerY>-3</centerY>
    </drawable>
    <drawable>
        <name>digital14.xml</name>
        <arraytype>9</arraytype>
        <centerX>0</centerX>
        <centerY>27</centerY>
    </drawable>
    <drawable>
        <name>digital15.xml</name>
        <arraytype>6</arraytype>
        <centerX>-2</centerX>
        <centerY>-28</centerY>
    </drawable>
    <drawable>
        <name>image13.png</name>
    </drawable>
    <drawable>
        <name>digital16.xml</name>
        <arraytype>13</arraytype>
        <centerX>96</centerX>
        <centerY>-115</centerY>
    </drawable>
    <drawable>
        <name>image14.png</name>
    </drawable>
    <drawable>
        <name>digital17.xml</name>
        <arraytype>12</arraytype>
        <centerX>400</centerX>
        <centerY>0</centerY>
    </drawable>
    <drawable>
        <name>image15.png</name>
    </drawable>
    <drawable>
        <arraytype>100</arraytype>
        <centerX>-93</centerX>
        <centerY>-116</centerY>
        <range>40</range>
        <cls>com.android.watchweather.WeatherActivity</cls>
        <pkg>com.android.watchweather</pkg>
    </drawable>
    <drawable>
        <arraytype>100</arraytype>
        <centerX>93</centerX>
        <centerY>-115</centerY>
        <range>40</range>
        <cls>com.cenon.heartrate.HeartRateMonitorActivity</cls>
	<pkg>com.cenon.heartrate</pkg>
    </drawable>
    <drawable>
        <arraytype>100</arraytype>
        <centerX>-93</centerX>
        <centerY>117</centerY>
        <range>40</range>
        <cls>com.google.android.dialer.extensions.GoogleDialtactsActivity</cls>
     <pkg>com.google.android.dialer</pkg>
    </drawable>
    <drawable>
        <arraytype>100</arraytype>
        <centerX>93</centerX>
        <centerY>117</centerY>
        <range>40</range>
        <cls>com.google.android.apps.messaging.ui.ConversationListActivity</cls>
        <pkg>com.google.android.apps.messaging</pkg>
    </drawable>
    <drawable>
        <arraytype>100</arraytype>
        <range>40</range>
        <cls>com.android.deskclock.DeskClock</cls>
	<pkg>com.google.android.deskclock</pkg>
    </drawable>
</clockskin>
<!-- Created on WatchFace Designer 0.14.2 beta -->
<!-- Exported for Android 7.1+ Stock ClockSkin Engine -->
