<?xml version="1.0" encoding="utf-8"?>
<drawables>
     <image>digital9_0.png</image>
     <image>digital9_0.png</image>
     <image>digital9_0.png</image>
     <image>digital9_0.png</image>
     <image>digital9_0.png</image>
     <image>digital9_0.png</image>
     <image>digital9_0.png</image>
     <image>digital9_0.png</image>
     <image>digital9_0.png</image>
     <image>digital9_0.png</image>
     <image>digital9_0.png</image>
     <image>digital9_11.png</image>
     <image>digital9_0.png</image>
     <image>digital9_0.png</image>
     <image>digital9_0.png</image>
</drawables>
