<?xml version="1.0" encoding="utf-8"?>
<drawables>
     <image>digital15_0.png</image>
     <image>digital15_0.png</image>
     <image>digital15_0.png</image>
     <image>digital15_0.png</image>
     <image>digital15_0.png</image>
     <image>digital15_0.png</image>
     <image>digital15_0.png</image>
     <image>digital15_0.png</image>
     <image>digital15_0.png</image>
     <image>digital15_0.png</image>
     <image>digital15_10.png</image>
     <image>digital15_11.png</image>
     <image>digital15_12.png</image>
</drawables>
