<clockskin>
    <drawable>
        <name>image1.png</name>
    </drawable>
    <drawable>
        <name>digital1.xml</name>
        <arraytype>6</arraytype>
    </drawable>
    <drawable>
        <name>image2.png</name>
    </drawable>
    <drawable>
        <name>digital2.xml</name>
        <arraytype>11</arraytype>
        <centerX>-97</centerX>
        <centerY>-79</centerY>
    </drawable>
    <drawable>
        <name>image3.png</name>
    </drawable>
    <drawable>
        <name>image4.png</name>
        <rotate>3</rotate>
        <mulrotate>7</mulrotate>
        <centerX>-100</centerX>
        <centerY>-122</centerY>
    </drawable>
    <drawable>
        <name>image5.png</name>
        <rotate>3</rotate>
        <direction>2</direction>
        <mulrotate>7</mulrotate>
        <centerX>-100</centerX>
        <centerY>-122</centerY>
    </drawable>
    <drawable>
        <name>digital3.xml</name>
        <arraytype>12</arraytype>
        <centerX>-6</centerX>
        <centerY>132</centerY>
    </drawable>
    <drawable>
        <name>image6.png</name>
    </drawable>
    <drawable>
        <name>digital4.xml</name>
        <arraytype>9</arraytype>
        <centerX>0</centerX>
        <centerY>67</centerY>
    </drawable>
    <drawable>
        <name>digital5.xml</name>
        <arraytype>4</arraytype>
        <centerX>28</centerX>
        <centerY>-118</centerY>
    </drawable>
    <drawable>
        <name>digital6.xml</name>
        <arraytype>3</arraytype>
        <centerX>28</centerX>
        <centerY>-67</centerY>
    </drawable>
    <drawable>
        <name>digital7.xml</name>
        <arraytype>16</arraytype>
        <centerX>-503</centerX>
        <centerY>-62</centerY>
    </drawable>
    <drawable>
        <name>digital7.xml</name>
        <arraytype>16</arraytype>
        <centerX>-103</centerX>
        <centerY>-83</centerY>
    </drawable>
    <drawable>
        <name>digital7.xml</name>
        <arraytype>16</arraytype>
        <centerX>297</centerX>
        <centerY>-104</centerY>
    </drawable>
    <drawable>
        <name>digital7.xml</name>
        <arraytype>16</arraytype>
        <centerX>697</centerX>
        <centerY>-125</centerY>
    </drawable>
    <drawable>
        <name>image7.png</name>
    </drawable>
</clockskin>
