<clockskin>
    <drawable>
        <name>image1.png</name>
    </drawable>
    <drawable>
        <name>digital1.xml</name>
        <arraytype>19</arraytype>
        <centerX>-83</centerX>
        <centerY>98</centerY>
    </drawable>
    <drawable>
        <name>image2.png</name>
    </drawable>
    <drawable>
        <rotate>6</rotate>
        <mulrotate>1</mulrotate>
        <centerX>-15</centerX>
        <centerY>-100</centerY>
        <name>image3.png</name>
    </drawable>
    <drawable>
        <name>digital2.xml</name>
        <arraytype>14</arraytype>
        <centerX>-3</centerX>
        <centerY>-68</centerY>
    </drawable>
    <drawable>
        <name>image4.png</name>
    </drawable>
    <drawable>
        <name>digital3.xml</name>
        <arraytype>13</arraytype>
        <centerX>-24</centerX>
        <centerY>-98</centerY>
    </drawable>
    <drawable>
        <name>image5.png</name>
    </drawable>
    <drawable>
        <name>digital4.xml</name>
        <arraytype>3</arraytype>
        <centerX>-73</centerX>
        <centerY>-53</centerY>
    </drawable>
    <drawable>
        <name>digital5.xml</name>
        <arraytype>4</arraytype>
        <centerX>-73</centerX>
        <centerY>54</centerY>
    </drawable>
    <drawable>
        <name>image6.png</name>
    </drawable>
    <drawable>
        <name>digital6.xml</name>
        <arraytype>6</arraytype>
        <centerX>-76</centerX>
        <centerY>-17</centerY>
    </drawable>
    <drawable>
        <name>image7.png</name>
    </drawable>
    <drawable>
        <name>digital7.xml</name>
        <arraytype>6</arraytype>
        <centerX>-73</centerX>
        <centerY>0</centerY>
    </drawable>
    <drawable>
        <name>digital8.xml</name>
        <arraytype>6</arraytype>
        <centerX>-73</centerX>
        <centerY>0</centerY>
    </drawable>
    <drawable>
        <name>image8.png</name>
    </drawable>
    <drawable>
        <rotate>1</rotate>
        <mulrotate>1</mulrotate>
        <centerX>-17</centerX>
        <centerY>93</centerY>
        <name>image9.png</name>
    </drawable>
    <drawable>
        <rotate>1</rotate>
        <mulrotate>1</mulrotate>
        <centerX>-15</centerX>
        <centerY>95</centerY>
        <name>image10.png</name>
    </drawable>
    <drawable>
        <rotate>2</rotate>
        <mulrotate>1</mulrotate>
        <centerX>-18</centerX>
        <centerY>92</centerY>
        <name>image11.png</name>
    </drawable>
    <drawable>
        <rotate>2</rotate>
        <mulrotate>1</mulrotate>
        <centerX>-15</centerX>
        <centerY>95</centerY>
        <name>image12.png</name>
    </drawable>
    <drawable>
        <name>image13.png</name>
    </drawable>
    <drawable>
        <name>digital9.xml</name>
        <arraytype>12</arraytype>
        <centerX>-400</centerX>
        <centerY>0</centerY>
    </drawable>
    <drawable>
        <name>digital10.xml</name>
        <arraytype>12</arraytype>
    </drawable>
    <drawable>
        <name>digital11.xml</name>
        <arraytype>12</arraytype>
        <centerX>400</centerX>
        <centerY>0</centerY>
    </drawable>
    <drawable>
        <name>image14.png</name>
    </drawable>
    <drawable>
        <name>digital12.xml</name>
        <arraytype>50</arraytype>
        <centerX>66</centerX>
        <centerY>-110</centerY>
    </drawable>
    <drawable>
        <name>digital13.xml</name>
        <arraytype>51</arraytype>
        <centerX>168</centerX>
        <centerY>-44</centerY>
    </drawable>
    <drawable>
        <arraytype>100</arraytype>
        <centerX>69</centerX>
        <centerY>-70</centerY>
        <range>40</range>
        <cls>com.android.dialer.DialtactsWearActivity</cls>
        <pkg>com.android.dialer</pkg>
    </drawable>
    <drawable>
        <arraytype>100</arraytype>
        <centerX>133</centerX>
        <centerY>-69</centerY>
        <range>40</range>
        <cls>com.android.mms.ui.BootActivity</cls>
        <pkg>com.android.mms</pkg>
    </drawable>
    <drawable>
        <arraytype>100</arraytype>
        <centerX>67</centerX>
        <centerY>0</centerY>
        <range>40</range>
        <cls>com.android.settings.Settings</cls>
        <pkg>com.android.settings</pkg>
    </drawable>
    <drawable>
        <arraytype>100</arraytype>
        <centerX>132</centerX>
        <centerY>0</centerY>
        <range>40</range>
        <cls>com.android.camera.CameraLauncher</cls>
        <pkg>com.mediatek.camera</pkg>
    </drawable>
    <drawable>
        <arraytype>100</arraytype>
        <centerX>69</centerX>
        <centerY>71</centerY>
        <range>40</range>
        <cls>com.sprots.wiiteer.fitness.module.main.ui.MainActivity</cls>
        <pkg>com.sprots.wiiteer.fitness</pkg>
    </drawable>
    <drawable>
        <arraytype>100</arraytype>
        <centerX>132</centerX>
        <centerY>71</centerY>
        <range>40</range>
        <cls>com.android.watchweather.WeatherActivity</cls>
        <pkg>com.android.watchweather</pkg>
    </drawable>
</clockskin>
