<?xml version="1.0" encoding="utf-8"?>
<drawables>
     <image>animation_2_0.png</image>
     <image>animation_2_0.png</image>
     <image>animation_2_0.png</image>
     <image>animation_2_3.png</image>
     <image>animation_2_3.png</image>
     <image>animation_2_3.png</image>
     <image>animation_2_3.png</image>
     <image>animation_2_3.png</image>
     <image>animation_2_3.png</image>
     <image>animation_2_3.png</image>
     <image>animation_2_3.png</image>
     <image>animation_2_3.png</image>
     <image>animation_2_3.png</image>
     <image>animation_2_3.png</image>
     <image>animation_2_3.png</image>
</drawables>
