<?xml version="1.0" encoding="utf-8"?>
<drawables>
     <image>animation_25_0.png</image>
     <image>animation_25_1.png</image>
     <image>animation_25_2.png</image>
     <image>animation_25_3.png</image>
     <image>animation_25_4.png</image>
     <image>animation_25_5.png</image>
     <image>animation_25_6.png</image>
     <image>animation_25_7.png</image>
     <image>animation_25_8.png</image>
     <image>animation_25_9.png</image>
     <image>animation_25_10.png</image>
     <image>animation_25_11.png</image>
     <image>animation_25_12.png</image>
     <image>animation_25_13.png</image>
     <image>animation_25_14.png</image>
     <image>animation_25_15.png</image>
     <image>animation_25_16.png</image>
     <image>animation_25_17.png</image>
     <image>animation_25_18.png</image>
     <image>animation_25_19.png</image>
     <image>animation_25_20.png</image>
     <image>animation_25_21.png</image>
     <image>animation_25_22.png</image>
     <image>animation_25_23.png</image>
     <image>animation_25_24.png</image>
     <image>animation_25_25.png</image>
     <image>animation_25_26.png</image>
     <image>animation_25_27.png</image>
     <image>animation_25_28.png</image>
     <image>animation_25_29.png</image>
     <image>animation_3_1.png</image>
</drawables>
