<?xml version="1.0" encoding="utf-8"?>
<drawables>
     <image>animation_11_0.png</image>
     <image>animation_11_1.png</image>
     <image>animation_11_2.png</image>
     <image>animation_11_3.png</image>
     <image>animation_11_4.png</image>
     <image>animation_11_5.png</image>
     <image>animation_11_6.png</image>
     <image>animation_11_7.png</image>
     <image>animation_11_8.png</image>
     <image>animation_11_9.png</image>
     <image>animation_11_10.png</image>
     <image>animation_11_11.png</image>
     <image>animation_11_12.png</image>
     <image>animation_11_13.png</image>
     <image>animation_11_14.png</image>
     <image>animation_11_15.png</image>
     <image>animation_11_16.png</image>
     <image>animation_11_17.png</image>
     <image>animation_11_18.png</image>
     <image>animation_11_19.png</image>
     <image>animation_11_20.png</image>
     <image>animation_11_21.png</image>
     <image>animation_11_22.png</image>
     <image>animation_11_23.png</image>
     <image>animation_11_24.png</image>
     <image>animation_11_25.png</image>
     <image>animation_11_26.png</image>
     <image>animation_11_27.png</image>
     <image>animation_11_28.png</image>
     <image>animation_11_29.png</image>
     <image>animation_3_1.png</image>
</drawables>
