<?xml version="1.0" encoding="utf-8"?>
<drawables>
     <image>animation_19_0.png</image>
     <image>animation_19_1.png</image>
     <image>animation_19_2.png</image>
     <image>animation_19_3.png</image>
     <image>animation_19_4.png</image>
     <image>animation_19_5.png</image>
     <image>animation_19_6.png</image>
     <image>animation_19_7.png</image>
     <image>animation_19_8.png</image>
     <image>animation_19_9.png</image>
     <image>animation_19_10.png</image>
     <image>animation_19_11.png</image>
     <image>animation_19_12.png</image>
     <image>animation_19_13.png</image>
     <image>animation_19_14.png</image>
     <image>animation_19_15.png</image>
     <image>animation_19_16.png</image>
     <image>animation_19_17.png</image>
     <image>animation_19_18.png</image>
     <image>animation_19_19.png</image>
     <image>animation_19_20.png</image>
     <image>animation_19_21.png</image>
     <image>animation_19_22.png</image>
     <image>animation_19_23.png</image>
     <image>animation_19_24.png</image>
     <image>animation_19_25.png</image>
     <image>animation_19_26.png</image>
     <image>animation_19_27.png</image>
     <image>animation_19_28.png</image>
     <image>animation_19_29.png</image>
     <image>animation_3_1.png</image>
</drawables>
