<clockskin>
    <drawable>
        <name>image1.png</name>
    </drawable>
    <drawable>
        <name>digital1.xml</name>
        <arraytype>7</arraytype>
        <centerX>-102</centerX>
        <centerY>-45</centerY>
    </drawable>
    <drawable>
        <name>digital2.xml</name>
        <arraytype>8</arraytype>
        <centerX>102</centerX>
        <centerY>-44</centerY>
    </drawable>
    <drawable>
        <name>digital3.xml</name>
        <arraytype>9</arraytype>
        <centerX>134</centerX>
        <centerY>29</centerY>
    </drawable>
    <drawable>
        <name>digital4.xml</name>
        <arraytype>16</arraytype>
        <centerX>-58</centerX>
        <centerY>-166</centerY>
    </drawable>
    <drawable>
        <name>digital5.xml</name>
        <arraytype>3</arraytype>
        <centerX>18</centerX>
        <centerY>-166</centerY>
    </drawable>
    <drawable>
        <name>digital6.xml</name>
        <arraytype>4</arraytype>
        <centerX>71</centerX>
        <centerY>-166</centerY>
    </drawable>
    <drawable>
        <name>digital7.xml</name>
        <arraytype>5</arraytype>
        <centerX>2</centerX>
        <centerY>-135</centerY>
    </drawable>
    <drawable>
        <name>digital8.xml</name>
        <arraytype>14</arraytype>
        <centerX>-5</centerX>
        <centerY>181</centerY>
    </drawable>
    <drawable>
        <name>digital9.xml</name>
        <arraytype>6</arraytype>
        <centerX>-2</centerX>
        <centerY>-58</centerY>
    </drawable>
    <drawable>
        <name>digital10.xml</name>
        <arraytype>6</arraytype>
        <centerX>73</centerX>
        <centerY>101</centerY>
    </drawable>
    <drawable>
        <name>digital11.xml</name>
        <arraytype>13</arraytype>
        <centerX>98</centerX>
        <centerY>125</centerY>
    </drawable>
</clockskin>
