<?xml version="1.0" encoding="utf-8"?>
<clockskin>
	<drawable>
		<name>YUNC0012.png</name>
		<rotate>10</rotate>
	</drawable>
	<drawable>
		<name>hrmn.xml</name>
		<arraytype>6</arraytype>
		<centerY>-149</centerY>
	</drawable>
	<drawable>
		<name>markersgold2.png</name>
	</drawable>
	<drawable>
		<name>batt-2.png</name>
		<centerX>-137</centerX>
		<centerY>26</centerY>
	</drawable>
	<drawable>
		<name>step.png</name>
		<centerY>120</centerY>
	</drawable>
	<drawable>
		<name>day_1_1.xml</name>
		<arraytype>4</arraytype>
		<centerX>137</centerX>
	</drawable>
	<drawable>
		<name>day_1_2.xml</name>
		<arraytype>14</arraytype>
		<centerX>-135</centerX>
	</drawable>
	<drawable>
		<name>step_1.xml</name>
		<arraytype>12</arraytype>
		<centerY>146</centerY>
	</drawable>
	<drawable>
		<name>mot.xml</name>
		<arraytype>3</arraytype>
		<centerX>137</centerX>
		<centerY>26</centerY>
	</drawable>
	<drawable>
		<name>img4738.png</name>
	</drawable>
	<drawable>
		<name>H logo.png</name>
		<centerY>-106</centerY>
	</drawable>
	<drawable>
		<name>h bovenkantzonder props.PNG</name>
	</drawable>
	<drawable>
		<name>prop centerd1_1_1.PNG</name>
		<rotate>3</rotate>
		<centerX>51</centerX>
		<centerY>-90</centerY>
		<direction>2</direction>
		<mulrotate>220</mulrotate>
	</drawable>
	<drawable>
		<name>prop centerd1.PNG</name>
		<rotate>3</rotate>
		<centerX>-51</centerX>
		<centerY>-90</centerY>
		<direction>2</direction>
		<mulrotate>220</mulrotate>
	</drawable>
	<drawable>
		<name>prop centerd1_5.PNG</name>
		<rotate>3</rotate>
		<centerX>-101</centerX>
		<direction>1</direction>
		<mulrotate>220</mulrotate>
	</drawable>
	<drawable>
		<name>prop centerd1_2.PNG</name>
		<rotate>3</rotate>
		<centerX>-51</centerX>
		<centerY>88</centerY>
		<direction>1</direction>
		<mulrotate>220</mulrotate>
	</drawable>
	<drawable>
		<name>prop centerd1_1.PNG</name>
		<rotate>3</rotate>
		<centerX>51</centerX>
		<centerY>88</centerY>
		<direction>2</direction>
		<mulrotate>220</mulrotate>
	</drawable>
	<drawable>
		<name>prop centerd1_1_2.PNG</name>
		<rotate>3</rotate>
		<centerX>101</centerX>
		<direction>2</direction>
		<mulrotate>220</mulrotate>
	</drawable>
<!--COMMENTED BY ClockSkinMaker
<metadata gui='rra' version='1.5.0.0'/>
-->
</clockskin>