<clockskin>
    <drawable>
        <name>image1.png</name>
    </drawable>
    <drawable>
        <name>image2.png</name>
        <rotate>3</rotate>
        <mulrotate>8</mulrotate>
    </drawable>
    <drawable>
        <name>image3.png</name>
        <rotate>2</rotate>
        <mulrotate>1</mulrotate>
    </drawable>
    <drawable>
        <name>image4.png</name>
        <rotate>3</rotate>
        <mulrotate>1</mulrotate>
    </drawable>
    <drawable>
        <name>image5.png</name>
    </drawable>
    <drawable>
        <name>digital1.xml</name>
        <arraytype>14</arraytype>
        <centerX>1</centerX>
        <centerY>4</centerY>
    </drawable>
    <drawable>
        <name>image6.png</name>
    </drawable>
    <drawable>
        <name>digital2.xml</name>
        <arraytype>7</arraytype>
        <centerX>83</centerX>
        <centerY>-14</centerY>
    </drawable>
    <drawable>
        <name>digital3.xml</name>
        <arraytype>8</arraytype>
        <centerX>126</centerX>
        <centerY>18</centerY>
    </drawable>
    <drawable>
        <name>digital4.xml</name>
        <arraytype>9</arraytype>
        <centerX>118</centerX>
        <centerY>-28</centerY>
    </drawable>
    <drawable>
        <name>digital5.xml</name>
        <arraytype>12</arraytype>
        <centerX>-102</centerX>
        <centerY>4</centerY>
    </drawable>
    <drawable>
        <name>image7.png</name>
    </drawable>
</clockskin>
