<clockskin>
    <drawable>
        <name>image1.png</name>
    </drawable>
    <drawable>
        <name>digital1.xml</name>
        <arraytype>50</arraytype>
        <centerX>-169</centerX>
        <centerY>-30</centerY>
    </drawable>
    <drawable>
        <name>image2.png</name>
    </drawable>
    <drawable>
        <name>digital2.xml</name>
        <arraytype>51</arraytype>
        <centerX>-169</centerX>
        <centerY>32</centerY>
    </drawable>
    <drawable>
        <name>image3.png</name>
    </drawable>
    <drawable>
        <name>digital3.xml</name>
        <arraytype>14</arraytype>
        <centerX>-3</centerX>
        <centerY>-152</centerY>
    </drawable>
    <drawable>
        <name>digital4.xml</name>
        <arraytype>14</arraytype>
        <centerX>-3</centerX>
        <centerY>-152</centerY>
    </drawable>
    <drawable>
        <name>digital5.xml</name>
        <arraytype>14</arraytype>
        <centerX>-3</centerX>
        <centerY>-152</centerY>
    </drawable>
    <drawable>
        <name>digital6.xml</name>
        <arraytype>10</arraytype>
        <centerX>35</centerX>
        <centerY>-115</centerY>
    </drawable>
    <drawable>
        <name>digital7.xml</name>
        <arraytype>10</arraytype>
        <centerX>35</centerX>
        <centerY>-115</centerY>
    </drawable>
    <drawable>
        <name>digital8.xml</name>
        <arraytype>10</arraytype>
        <centerX>35</centerX>
        <centerY>-115</centerY>
    </drawable>
    <drawable>
        <name>digital9.xml</name>
        <arraytype>11</arraytype>
        <centerX>-58</centerX>
        <centerY>-115</centerY>
    </drawable>
    <drawable>
        <name>digital10.xml</name>
        <arraytype>11</arraytype>
        <centerX>-58</centerX>
        <centerY>-115</centerY>
    </drawable>
    <drawable>
        <name>digital11.xml</name>
        <arraytype>11</arraytype>
        <centerX>-58</centerX>
        <centerY>-115</centerY>
    </drawable>
    <drawable>
        <name>digital12.xml</name>
        <arraytype>1</arraytype>
        <centerX>0</centerX>
        <centerY>-81</centerY>
    </drawable>
    <drawable>
        <name>digital13.xml</name>
        <arraytype>1</arraytype>
        <centerX>0</centerX>
        <centerY>-81</centerY>
    </drawable>
    <drawable>
        <name>digital14.xml</name>
        <arraytype>1</arraytype>
        <centerX>0</centerX>
        <centerY>-81</centerY>
    </drawable>
    <drawable>
        <name>digital15.xml</name>
        <arraytype>12</arraytype>
        <centerX>-80</centerX>
        <centerY>79</centerY>
    </drawable>
    <drawable>
        <name>digital16.xml</name>
        <arraytype>12</arraytype>
        <centerX>-80</centerX>
        <centerY>79</centerY>
    </drawable>
    <drawable>
        <name>digital17.xml</name>
        <arraytype>12</arraytype>
        <centerX>-80</centerX>
        <centerY>79</centerY>
    </drawable>
    <drawable>
        <name>digital18.xml</name>
        <arraytype>60</arraytype>
        <centerX>76</centerX>
        <centerY>79</centerY>
    </drawable>
    <drawable>
        <name>digital19.xml</name>
        <arraytype>60</arraytype>
        <centerX>76</centerX>
        <centerY>79</centerY>
    </drawable>
    <drawable>
        <name>digital20.xml</name>
        <arraytype>60</arraytype>
        <centerX>76</centerX>
        <centerY>79</centerY>
    </drawable>
    <drawable>
        <name>image4.png</name>
    </drawable>
    <drawable>
        <name>digital21.xml</name>
        <arraytype>13</arraytype>
        <centerX>0</centerX>
        <centerY>108</centerY>
    </drawable>
    <drawable>
        <name>digital22.xml</name>
        <arraytype>13</arraytype>
        <centerX>0</centerX>
        <centerY>108</centerY>
    </drawable>
    <drawable>
        <name>digital23.xml</name>
        <arraytype>13</arraytype>
        <centerX>0</centerX>
        <centerY>108</centerY>
    </drawable>
    <drawable>
        <name>digital24.xml</name>
        <arraytype>54</arraytype>
        <centerX>0</centerX>
        <centerY>152</centerY>
    </drawable>
    <drawable>
        <name>digital25.xml</name>
        <arraytype>54</arraytype>
        <centerX>0</centerX>
        <centerY>152</centerY>
    </drawable>
    <drawable>
        <name>digital26.xml</name>
        <arraytype>54</arraytype>
        <centerX>0</centerX>
        <centerY>152</centerY>
    </drawable>
    <drawable>
        <name>digital27.xml</name>
        <arraytype>6</arraytype>
        <centerX>2</centerX>
        <centerY>-2</centerY>
    </drawable>
    <drawable>
        <name>digital28.xml</name>
        <arraytype>6</arraytype>
        <centerX>2</centerX>
        <centerY>-2</centerY>
    </drawable>
    <drawable>
        <name>digital29.xml</name>
        <arraytype>9</arraytype>
        <centerX>122</centerX>
        <centerY>15</centerY>
    </drawable>
    <drawable>
        <name>digital30.xml</name>
        <arraytype>9</arraytype>
        <centerX>122</centerX>
        <centerY>15</centerY>
    </drawable>
    <drawable>
        <name>digital31.xml</name>
        <arraytype>6</arraytype>
        <centerX>-123</centerX>
        <centerY>0</centerY>
    </drawable>
    <drawable>
        <name>digital32.xml</name>
        <arraytype>6</arraytype>
        <centerX>-123</centerX>
        <centerY>0</centerY>
    </drawable>
    <drawable>
        <name>image5.png</name>
    </drawable>
    <drawable>
        <arraytype>100</arraytype>
        <centerX>-168</centerX>
        <centerY>-29</centerY>
        <range>40</range>
        <cls>com.android.dialer.DialtactsWearActivity</cls>
        <pkg>com.android.dialer</pkg>
    </drawable>
    <drawable>
        <arraytype>100</arraytype>
        <centerX>-168</centerX>
        <centerY>35</centerY>
        <range>40</range>
        <cls>com.android.mms.ui.BootActivity</cls>
        <pkg>com.android.mms</pkg>
    </drawable>
    <drawable>
        <arraytype>100</arraytype>
        <centerX>-52</centerX>
        <centerY>-112</centerY>
        <range>40</range>
        <cls>com.android.watchweather.WeatherActivity</cls>
        <pkg>com.android.watchweather</pkg>
    </drawable>
    <drawable>
        <arraytype>100</arraytype>
        <centerX>46</centerX>
        <centerY>-76</centerY>
        <range>40</range>
        <cls>com.android.calendar.AllInOneActivity</cls>
        <pkg>com.android.calendar</pkg>
    </drawable>
    <drawable>
        <arraytype>100</arraytype>
        <centerX>0</centerX>
        <centerY>97</centerY>
        <range>40</range>
        <cls>com.cenon.heartrate.HeartRateMonitorActivity</cls>
        <pkg>com.cenon.heartrate</pkg>
    </drawable>
    <drawable>
        <arraytype>100</arraytype>
        <centerX>169</centerX>
        <centerY>-2</centerY>
        <range>40</range>
        <cls>com.android.settings.Settings</cls>
        <pkg>com.android.settings</pkg>
    </drawable>
</clockskin>
<!-- Created on WatchFace Designer 0.14.2 beta -->
<!-- Exported for Android 7.1+ Stock ClockSkin Engine -->
