<?xml version="1.0" encoding="utf-8"?>
<drawables>
     <image>digital6_0.png</image>
     <image>digital6_1.png</image>
     <image>digital6_2.png</image>
     <image>digital6_0.png</image>
     <image>digital6_4.png</image>
     <image>digital6_4.png</image>
     <image>digital6_4.png</image>
     <image>digital6_7.png</image>
     <image>digital6_0.png</image>
     <image>digital6_0.png</image>
     <image>digital6_10.png</image>
     <image>digital6_10.png</image>
     <image>digital6_0.png</image>
     <image>digital6_13.png</image>
     <image>digital6_14.png</image>
</drawables>
