<?xml version="1.0" encoding="utf-8"?>
<drawables>
     <image>digital4_0.png</image>
     <image>digital4_1.png</image>
     <image>digital4_2.png</image>
     <image>digital4_3.png</image>
     <image>digital4_4.png</image>
     <image>digital4_5.png</image>
     <image>digital4_6.png</image>
     <image>digital4_7.png</image>
     <image>digital4_8.png</image>
     <image>digital4_9.png</image>
     <image>digital3_10.png</image>
     <image>digital4_11.png</image>
</drawables>
