<?xml version="1.0" encoding="utf-8"?>
<drawables>
     <image>digital31_0.png</image>
     <image>digital31_0.png</image>
     <image>digital31_0.png</image>
     <image>digital31_0.png</image>
     <image>digital31_0.png</image>
     <image>digital31_0.png</image>
     <image>digital31_0.png</image>
     <image>digital31_0.png</image>
     <image>digital31_0.png</image>
     <image>digital31_0.png</image>
     <image>digital31_10.png</image>
     <image>digital31_11.png</image>
     <image>digital31_11.png</image>
</drawables>
