<?xml version="1.0" encoding="utf-8"?>
<drawables>
     <image>digital3_0.png</image>
     <image>digital3_0.png</image>
     <image>digital3_0.png</image>
     <image>digital3_0.png</image>
     <image>digital3_0.png</image>
     <image>digital3_0.png</image>
     <image>digital3_0.png</image>
     <image>digital3_0.png</image>
     <image>digital3_0.png</image>
     <image>digital3_0.png</image>
     <image>digital9_10.png</image>
     <image>digital9_11.png</image>
</drawables>
